Person,City,Agency
Panousis,Ortizmouth,Cambridge Travel
Zhang,Isabelview,Cambridge Travel
Li,Daniellechester,Pegasus Vacations
Moreau ,Daniellechester,Cambridge Travel
Jansen,Ortizmouth,Cambridge Travel
Novak,Isabelview,Magellan Stays
Van Dijk,South Cynthia,Magellan Stays
McCarthy,Andreaside,Pegasus Vacations
Fearghal,Erinfurt,Cambridge Travel
Williams,New Stephenborough,Cambridge Travel
Jones,Isabelview,Magellan Stays
Wagner,Daniellechester,Pegasus Vacations
Almeida,Erinfurt,Cambridge Travel
Ferreira,Lake Debra,Cambridge Travel
Kelly,Andreaside,Cambridge Travel
Pokorny,Isabelview,Magellan Stays
Popov,Lake Debra,Pegasus Vacations
Alves,Erinfurt,Pegasus Vacations
Van de Berg,Isabelview,Pegasus Vacations
Silva,Ortizmouth,Cambridge Travel
Fernandes,Maryborough,Magellan Stays
Mikhailov,South Cynthia,Pegasus Vacations
OBrien,New Stephenborough,Cambridge Travel
Johnson,New Stephenborough,Pegasus Vacations
De Vries,New Stephenborough,Pegasus Vacations
Sokolov,Lake Debra,Pegasus Vacations
Fedorov,Isabelview,Magellan Stays
Dao,Isabelview,Cambridge Travel
Nolan,Daniellechester,Cambridge Travel
Nguyen,New Stephenborough,Pegasus Vacations
David,Lake Debra,Cambridge Travel
Jelinek,Flemington,Cambridge Travel
Fournier ,Isabelview,Pegasus Vacations
Morozov,Ortizmouth,Magellan Stays
Novotny,Isabelview,Pegasus Vacations
Wang,Isabelview,Magellan Stays
Bains,Lake Debra,Cambridge Travel
Smirnov,Daniellechester,Pegasus Vacations
Vasiliev,Maryborough,Pegasus Vacations
Morel ,Erinfurt,Cambridge Travel
Weber,South Cynthia,Pegasus Vacations
Quinn,New Stephenborough,Cambridge Travel
OConnor,Isabelview,Pegasus Vacations
Becker,Isabelview,Cambridge Travel
Costa,Maryborough,Cambridge Travel
Wilson,Maryborough,Cambridge Travel
Liu,Maryborough,Magellan Stays
Dinh,New Stephenborough,Cambridge Travel
Bertrand ,New Stephenborough,Magellan Stays
Yan,New Stephenborough,Pegasus Vacations
Antoniadis,New Stephenborough,Magellan Stays
Nunes,Lake Debra,Magellan Stays
Dunne,Ortizmouth,Cambridge Travel
Vu,Ortizmouth,Cambridge Travel
Gilifianakis,Daniellechester,Magellan Stays
Lopes,Flemington,Pegasus Vacations
Duong,Maryborough,Pegasus Vacations
Dvorak,Andreaside,Pegasus Vacations
Smith,South Cynthia,Pegasus Vacations
Markopolous,Lake Debra,Magellan Stays
Roux ,Ortizmouth,Pegasus Vacations
Dang,Daniellechester,Magellan Stays
Doyle,New Stephenborough,Magellan Stays
Brown,Andreaside,Magellan Stays
Marek,Ortizmouth,Magellan Stays
Bakker,Lake Debra,Cambridge Travel
Cheng,Ortizmouth,Pegasus Vacations
Collins,South Cynthia,Pegasus Vacations
Yu,Isabelview,Pegasus Vacations
Fischer,South Cynthia,Magellan Stays
Kuznetsov,Lake Debra,Pegasus Vacations
Volkov,New Stephenborough,Pegasus Vacations
Kratochvil,Isabelview,Cambridge Travel
Santos,Ortizmouth,Pegasus Vacations
Rodrigues,Flemington,Cambridge Travel
De Jong,Maryborough,Magellan Stays
Schmidl,Maryborough,Magellan Stays
Do,South Cynthia,Cambridge Travel
Cerny,South Cynthia,Magellan Stays
Müller,Ortizmouth,Magellan Stays
Huang,South Cynthia,Magellan Stays
Zhou,Lake Debra,Pegasus Vacations
Austin,Maryborough,Pegasus Vacations
Ivanov,Erinfurt,Pegasus Vacations
Reis,Isabelview,Pegasus Vacations
Mayer,Erinfurt,Pegasus Vacations
Doherty,Andreaside,Pegasus Vacations
Pereira,Isabelview,Pegasus Vacations
Schneider,Lake Debra,Magellan Stays
Petrov,Maryborough,Pegasus Vacations
Kolletis,New Stephenborough,Magellan Stays
Miller,Andreaside,Pegasus Vacations
Girard ,Ortizmouth,Cambridge Travel
Zhao,New Stephenborough,Cambridge Travel
Pham,Daniellechester,Cambridge Travel
Le,Andreaside,Pegasus Vacations
Tran,Isabelview,Pegasus Vacations
Lefèvre ,South Cynthia,Cambridge Travel
Hoang,South Cynthia,Cambridge Travel
Ngo,Isabelview,Pegasus Vacations
