Person,City,Agency,Language
Panousis,Ortizmouth,Cambridge Travel,Greek
Zhang,Isabelview,Cambridge Travel,Chinese
Li,Daniellechester,Pegasus Vacations,Vietnamese
Moreau ,Daniellechester,Cambridge Travel,Irish
Jansen,Ortizmouth,Cambridge Travel,Dutch
Novak,Isabelview,Magellan Stays,Czech
Van Dijk,South Cynthia,Magellan Stays,Czech
McCarthy,Andreaside,Pegasus Vacations,Scottish
Fearghal,Erinfurt,Cambridge Travel,Irish
Williams,New Stephenborough,Cambridge Travel,Dutch
Jones,Isabelview,Magellan Stays,Dutch
Wagner,Daniellechester,Pegasus Vacations,German
Almeida,Erinfurt,Cambridge Travel,Portuguese
Ferreira,Lake Debra,Cambridge Travel,Portuguese
Kelly,Andreaside,Cambridge Travel,Scottish
Pokorny,Isabelview,Magellan Stays,Dutch
Popov,Lake Debra,Pegasus Vacations,Russian
Alves,Erinfurt,Pegasus Vacations,Portuguese
Van de Berg,Isabelview,Pegasus Vacations,Dutch
Silva,Ortizmouth,Cambridge Travel,Czech
Fernandes,Maryborough,Magellan Stays,Dutch
Mikhailov,South Cynthia,Pegasus Vacations,Russian
OBrien,New Stephenborough,Cambridge Travel,Irish
Johnson,New Stephenborough,Pegasus Vacations,Scottish
De Vries,New Stephenborough,Pegasus Vacations,Dutch
Sokolov,Lake Debra,Pegasus Vacations,Russian
Fedorov,Isabelview,Magellan Stays,Russian
Dao,Isabelview,Cambridge Travel,Vietnamese
Nolan,Daniellechester,Cambridge Travel,Irish
Nguyen,New Stephenborough,Pegasus Vacations,Irish
David,Lake Debra,Cambridge Travel,French
Jelinek,Flemington,Cambridge Travel,Czech
Fournier ,Isabelview,Pegasus Vacations,Dutch
Morozov,Ortizmouth,Magellan Stays,Russian
Novotny,Isabelview,Pegasus Vacations,Dutch
Wang,Isabelview,Magellan Stays,Korean
Bains,Lake Debra,Cambridge Travel,Dutch
Smirnov,Daniellechester,Pegasus Vacations,Scottish
Vasiliev,Maryborough,Pegasus Vacations,Russian
Morel ,Erinfurt,Cambridge Travel,Irish
Weber,South Cynthia,Pegasus Vacations,German
Quinn,New Stephenborough,Cambridge Travel,Vietnamese
OConnor,Isabelview,Pegasus Vacations,French
Becker,Isabelview,Cambridge Travel,Dutch
Costa,Maryborough,Cambridge Travel,Czech
Wilson,Maryborough,Cambridge Travel,Scottish
Liu,Maryborough,Magellan Stays,Chinese
Dinh,New Stephenborough,Cambridge Travel,Vietnamese
Bertrand ,New Stephenborough,Magellan Stays,Italian
Yan,New Stephenborough,Pegasus Vacations,Chinese
Antoniadis,New Stephenborough,Magellan Stays,Greek
Nunes,Lake Debra,Magellan Stays,Portuguese
Dunne,Ortizmouth,Cambridge Travel,German
Vu,Ortizmouth,Cambridge Travel,Vietnamese
Gilifianakis,Daniellechester,Magellan Stays,Greek
Lopes,Flemington,Pegasus Vacations,Dutch
Duong,Maryborough,Pegasus Vacations,Vietnamese
Dvorak,Andreaside,Pegasus Vacations,Czech
Smith,South Cynthia,Pegasus Vacations,Scottish
Markopolous,Lake Debra,Magellan Stays,Greek
Roux ,Ortizmouth,Pegasus Vacations,Portuguese
Dang,Daniellechester,Magellan Stays,Vietnamese
Doyle,New Stephenborough,Magellan Stays,Irish
Brown,Andreaside,Magellan Stays,Scottish
Marek,Ortizmouth,Magellan Stays,Polish
Bakker,Lake Debra,Cambridge Travel,Dutch
Cheng,Ortizmouth,Pegasus Vacations,Chinese
Collins,South Cynthia,Pegasus Vacations,Italian
Yu,Isabelview,Pegasus Vacations,Korean
Fischer,South Cynthia,Magellan Stays,German
Kuznetsov,Lake Debra,Pegasus Vacations,Russian
Volkov,New Stephenborough,Pegasus Vacations,Russian
Kratochvil,Isabelview,Cambridge Travel,Russian
Santos,Ortizmouth,Pegasus Vacations,Greek
Rodrigues,Flemington,Cambridge Travel,Portuguese
De Jong,Maryborough,Magellan Stays,Korean
Schmidl,Maryborough,Magellan Stays,Irish
Do,South Cynthia,Cambridge Travel,Vietnamese
Cerny,South Cynthia,Magellan Stays,Italian
Müller,Ortizmouth,Magellan Stays,Scottish
Huang,South Cynthia,Magellan Stays,Vietnamese
Zhou,Lake Debra,Pegasus Vacations,Korean
Austin,Maryborough,Pegasus Vacations,English
Ivanov,Erinfurt,Pegasus Vacations,Russian
Reis,Isabelview,Pegasus Vacations,Greek
Mayer,Erinfurt,Pegasus Vacations,German
Doherty,Andreaside,Pegasus Vacations,Irish
Pereira,Isabelview,Pegasus Vacations,Portuguese
Schneider,Lake Debra,Magellan Stays,German
Petrov,Maryborough,Pegasus Vacations,Russian
Kolletis,New Stephenborough,Magellan Stays,Greek
Miller,Andreaside,Pegasus Vacations,Scottish
Girard ,Ortizmouth,Cambridge Travel,Irish
Zhao,New Stephenborough,Cambridge Travel,Chinese
Pham,Daniellechester,Cambridge Travel,Chinese
Le,Andreaside,Pegasus Vacations,Vietnamese
Tran,Isabelview,Pegasus Vacations,Vietnamese
Lefèvre ,South Cynthia,Cambridge Travel,Spanish
Hoang,South Cynthia,Cambridge Travel,Vietnamese
Ngo,Isabelview,Pegasus Vacations,Korean
